{
  "projectType": [
    "sap.watt.uitools.ide.fiori",
    "com.watt.common.builder.sapui5clientbuild"
  ],
  "build": {
    "targetFolder": "dist",
    "sourceFolder": "webapp",
    "buildRequired": false,
    "lastBuildDateTime": "Wed, 13 Apr 2016 18:07:05 GMT"
  },
  "generation": [
    {
      "templateId": "ui5template.basicSAPUI5ApplicationProject",
      "templateVersion": "1.32.0",
      "dateTimeStamp": "Sat, 19 Mar 2016 08:25:50 GMT"
    }
  ],
  "translation": {
    "translationDomain": "",
    "supportedLanguages": "en,fr,de",
    "defaultLanguage": "en",
    "defaultI18NPropertyFile": "i18n.properties",
    "resourceModelName": "i18n"
  },
  "hcpdeploy": {
    "account": "p1941306424trial",
    "name": "medicalhack",
    "lastVersionWeTriedToDeploy": "1.0.0"
  }
}